Location,Type,Category,Description,Price,Date,Rooms,Surface,PC1,PC2,PC3
La Soukra,Vente,App. 2 pièc,Appartement s2 à borj lo,220000,19/12/2024,1,105,-0.46432677094245045,0.40864882240602046,-0.49449465873285475
Ain Zaghouan,Location,App. 3 pièc,Appart neuf jamais habit,1800,19/12/2024,2,100,-0.11195529843980005,-0.13560122392613141,0.1973080778018504
Berge Du Lac,Location vacance,App. 1 pièc,A quelques minutes de l',1500,19/12/2024,0,52,-1.308679415674327,0.15903820383881231,-0.8864810581979846
La Soukra,Location,App. 2 pièc,Apprt s1meublé à  la,1350,19/12/2024,1,80,-0.7023917798504771,0.0058782213584986105,-0.353062333854421
La Soukra,Vente,App. 2 pièc,Apprt s1 à la soukra,225000,19/12/2024,1,585,0.5217940127507351,-0.21051392301306313,-1.5280420617990278
Cite Ennasr 2,Location,App. 2 pièc,S1 haut standing très sp,900,19/12/2024,1,73,-0.717095082179814,0.014156551181212314,-0.3378385096461404
Cite Ennasr 2,Location,App. 4 pièc,Appartements meuble ou vide,150,19/12/2024,3,160,0.5585063786224133,-0.3336906103674788,0.6625590395318187
Ain Zaghouan,Location,App. 2 pièc,Un lumineux s plus un la,900,19/12/2024,1,60,-0.7436867503190308,0.031195283900688837,-0.3099009199533289
El Aouina,Location vacance,App. 1 pièc,Luxueux studio pour des,150,19/12/2024,0,45,-1.3241521415893354,0.16552378883982496,-0.8708962206269397
Ain Zaghouan,Location vacance,App. 2 pièc,Super luxueux app tout n,150,19/12/2024,1,60,-0.7443279366404236,0.029701329882604616,-0.30960007548435864
El Aouina,Location,App. 2 pièc,S plus 1 jardins aouina,1050,19/12/2024,1,70,-0.7231033837168932,0.0183873572277853,-0.3314515424569779
El Aouina,Location,App. 1 pièc,Appartement cite wahat,850,19/12/2024,0,60,-1.2928710070159135,0.1472580697085897,-0.9034126892127611
Ain Zaghouan,Location vacance,App. 5 pièc,Grand luxueux duplex pou,350,19/12/2024,4,300,1.394190683313601,-0.6329486500430482,0.9551442893594874
Ain Zaghouan,Location,App. 3 pièc,S plus 2 ain zaghouan 58,1100,19/12/2024,2,80,-0.1534639976821514,-0.11078214605663593,0.2405697731925992
El Aouina,Location,App. 3 pièc,S plus 2 meuble laouina,1500,19/12/2024,2,90,-0.13266690230621622,-0.12309208805684473,0.21891886919929343
Cite Ennasr 2,Location,App. 4 pièc,Appartes meublé et vide,150,19/12/2024,3,160,0.5585063786224133,-0.3336906103674788,0.6625590395318187
Ain Zaghouan,Location,App. 2 pièc,S plus un bien orienté à,750,19/12/2024,1,60,-0.7438149875833093,0.030896493097072004,-0.30984075105953485
Berge Du Lac,Location,Duplex,Triplex en s5 au lac,3600,19/12/2024,5,360,2.0688414443422474,-0.8212775368995786,1.4184297338921832
El Aouina,Location,App. 3 pièc,S plus deux richement me,1100,19/12/2024,2,90,-0.13300886834429237,-0.12388886353315633,0.21907931958274426
El Menzah 9,Location,App. 3 pièc,S plus 2 a el manzah,900,19/12/2024,2,78,-0.1577260065687613,-0.10855919029948764,0.2449480891062956
El Menzah 7,Location,App. 4 pièc,S3 1200d menzah 7,1200,19/12/2024,3,130,0.49803865145878606,-0.2922789223125997,0.7266092181048253
Borj Louzir,Location,App. 3 pièc,Appartement s3 neuf jama,930,19/12/2024,2,103,-0.10656253577125797,-0.1412662258300652,0.19120992130289938
El Menzah 5,Location,App. 3 pièc,Des apartements meuble ou vid,150,19/12/2024,2,121,-0.0704101367373602,-0.16641202946660955,0.15283998305288954
El Aouina,Location,App. 4 pièc,Etage de villa s3 à l'ao,1700,19/12/2024,3,200,0.6416520143713944,-0.38302997530285293,0.575975479856527
Ain Zaghouan,Vente,App. 4 pièc,Appartement s3 neuf de 1,408000,19/12/2024,3,150,0.886728370857955,0.49182830214324647,0.5204502709156466
Marsa Erriadh,Location vacance,App. 2 pièc,App de charme haut stand,350,19/12/2024,1,50,-0.7646120829592445,0.04320643509728077,-0.2881898470662291
Cite Ennasr 1,Location,App. 2 pièc,Pour africains et autre apart,850,19/12/2024,1,73,-0.7171378279345736,0.014056954246673388,-0.33781845334820904
Ain Zaghouan,Vente,App. 3 pièc,Appt s2 neuf à ain zagho,675000,19/12/2024,2,177,0.6210780395438855,1.1044501781370675,-0.2382064103417378
La Soukra,Location,Maisons,S1 meublé charges compri,550,19/12/2024,1,70,-0.7235308412644884,0.01739138788239582,-0.3312509794776644
La Soukra,Vente,App. 2 pièc,Des s1 neufs à la nouvel,225000,19/12/2024,1,50,-0.5725554068247233,0.4906954619807775,-0.37830279367178754
La Soukra,Location,App. 3 pièc,Luxueux s2 meublé par se,600,19/12/2024,2,120,-0.07207093787831041,-0.16420498530810693,0.15480852173249288
La Soukra,Location,App. 2 pièc,Studio meublé a soukra c,600,19/12/2024,1,70,-0.7234880955097288,0.017490984816934774,-0.33127103577559575
Bab Bhar,Vente,App. 5 pièc,Un appartement s4 de 154,280000,19/12/2024,4,225,1.479854219649651,0.022397385907195016,1.0041478171033553
Bab Bhar,Vente,App. 3 pièc,S2 bon emplacement,240000,19/12/2024,2,121,0.13464124884405498,0.31135446551672763,0.05662992187620053
Cite Ennasr 2,Location,App. 3 pièc,S2 bien meublé,1500,19/12/2024,2,121,-0.0692560013588532,-0.16372291223405794,0.15229846300874308
El Menzah 8,Location,App. 4 pièc,S3 bon standing,1300,19/12/2024,3,160,0.5594895309818821,-0.331399880873083,0.6620977446793976
Cite Ennasr 2,Location,App. 4 pièc,S3 près rené descartes,1150,19/12/2024,3,160,0.5593612937176036,-0.33169867167669986,0.6621579135731916
Cite Ennasr 2,Location,App. 2 pièc,Grand s1 semi meublé de,1150,19/12/2024,1,73,-0.7168813534060164,0.014654535853907054,-0.3379387911357971
Bou Mhel,Location,App. 1 pièc,Appartement s1 haut standing,820,19/12/2024,0,60,-1.2928966544687692,0.14719831154786633,-0.9034006554340022
El Menzah 8,Location,App. 3 pièc,Réez de jardin  s2 avec,950,19/12/2024,2,121,-0.0697262046612079,-0.16481847851398637,0.15251908228598793
Cite Ennasr 2,Location,App. 2 pièc,S1 meublé avenue hedi no,1200,19/12/2024,1,73,-0.716838607651257,0.014754132788446008,-0.33795884743372845
Cite Ennasr 2,Location,App. 4 pièc,S plus 3 a ennasr 2,1200,19/12/2024,3,105,0.44690082811413845,-0.2595121286212988,0.7803353521294626
Bou Mhel,Location,App. 3 pièc,Appartement s3 hst à boumhel,1300,19/12/2024,2,130,-0.051017367973818124,-0.17591734570108206,0.133037279951599
Ariana,Location,Maisons,Villa plein pied s3 avec,2000,19/12/2024,3,160,0.5600879715485154,-0.3300055237895377,0.6618169565083587
Cite Ennasr 1,Location vacance,App. 2 pièc,S1 meublé par nuitée 70d,1700,19/12/2024,1,70,-0.7225476889050194,0.019682117376791614,-0.3317122743300855
Cite Ennasr 1,Location vacance,App. 2 pièc,S1 meublé par nuitée 89dt,1700,19/12/2024,1,70,-0.7225476889050194,0.019682117376791614,-0.3317122743300855
El Menzah 9,Location,App. 2 pièc,S1 de haut standing meub,1400,19/12/2024,1,73,-0.7166676246322188,0.015152520526601822,-0.33803907262545385
El Menzah 6,Location vacance,App. 2 pièc,Studio meublé  60dt la n,1200,19/12/2024,1,20,-0.8252507931419099,0.08421973541400408,-0.22405944330149719
Cite Ennasr 1,Location vacance,App. 2 pièc,S0 et s1 meublé pour cou,1800,19/12/2024,1,80,-0.7020070680576413,0.006774593769349137,-0.3532428405358031
La Mannouba,Location,App. 1 pièc,Appt s plus 1 résidence aicha,700,19/12/2024,0,65,-1.2827716796112625,0.14040592016671263,-0.9140977471238945
Cite Ennasr 1,Location vacance,App. 2 pièc,S1 meublé haut standing,1900,19/12/2024,1,70,-0.7223767058859814,0.0200805051149474,-0.3317924995218109
El Aouina,Location vacance,App. 2 pièc,S1 meublé hay el waht po,2200,19/12/2024,1,70,-0.7221202313574242,0.020678086722181122,-0.33191283730939897
Cite Ennasr 2,Location vacance,App. 2 pièc,Jolie s1 meublé hst par,2100,19/12/2024,1,70,-0.7222057228669433,0.020478892853103215,-0.3318727247135363
Cite Ennasr 2,Location,App. 2 pièc,S1 neuf haut standing,950,19/12/2024,1,73,-0.7170523364250545,0.014256148115751268,-0.3378585659440717
Bou Mhel,Location,Maisons,Rdc s3 a boumhal bel air,950,19/12/2024,3,110,0.4569146640092704,-0.2665634720322537,0.7696904068141919
Cite Ennasr 2,Vente,App. 3 pièc,S2 à nasr 2,440000,19/12/2024,2,120,0.30357875494834724,0.7110528754201745,-0.021446224488216523
El Menzah 9,Location,App. 2 pièc,S1 haut standing neuf,950,19/12/2024,1,73,-0.7170523364250545,0.014256148115751268,-0.3378585659440717
Riadh Landlous,Location vacance,App. 3 pièc,S2 meublé  par nuitée 12,2500,19/12/2024,2,117,-0.07658313799880641,-0.15648828655267077,0.16049351849405805
Cite Ennasr 1,Location vacance,App. 2 pièc,S1 meublé haut standing,1700,19/12/2024,1,65,-0.732775253573949,0.026235476115051812,-0.320967047525158
Ezzahra,Location vacance,App. 3 pièc,Apprt s2 hst meublé par,2500,19/12/2024,2,117,-0.07658313799880641,-0.15648828655267077,0.16049351849405805
Chotrana 1,Location,Maisons,Villa en s4 avec pis,3300,19/12/2024,4,350,1.4989883295337079,-0.6926060182878522,0.8465086997322628
El Menzah 9,Location,App. 3 pièc,Magnifique appartement s,1350,19/12/2024,2,121,-0.06938423862313174,-0.16402170303767477,0.15235863190253712
Gammart,Location,Maisons,Triplex s4 avec piscine,7500,19/12/2024,4,225,1.2468898562102695,-0.5204059073300756,1.1134546408292163
Marsa Erriadh,Location,App. 4 pièc,Appart s3 samar à la,1250,19/12/2024,3,130,0.49808139721354555,-0.29217932537806074,0.7265891618068938
Gammart,Location,Duplex,Duplex meuble s3 a gamma,4500,19/12/2024,3,160,0.5622252592864914,-0.3250256770625903,0.6608141416117912
Hammam Lif,Location,App. 3 pièc,Appart s2 hts à h li,1100,19/12/2024,2,160,0.010177037020720904,-0.21563588586879903,0.06864614431375957
Chatt Meriem,Location vacance,Maisons,Rez de jardin s1 de char,300,19/12/2024,1,75,-0.7135170053693565,0.010340044471440853,-0.3418959247929351
Ezzahra,Location,App. 3 pièc,Appart s2 neuf à ezz,1200,19/12/2024,2,125,-0.0613304241522667,-0.16956318083189978,0.1438226193523892
Riadh Landlous,Location vacance,App. 1 pièc,A 10 min de de l'aéropor,1500,19/12/2024,0,51,-1.3107249286081128,0.16034887558646432,-0.8843320128369991
Chatt Meriem,Location vacance,Maisons,Etage s3 de pittoresque,140,19/12/2024,3,150,0.5380427001336022,-0.3206038122778662,0.6840535044012599
Ezzahra,Location,App. 3 pièc,Appart s2 neuf a ezz,850,19/12/2024,2,98,-0.11685849364780272,-0.13487222218706735,0.20198723818451703
Marsa Safsaf,Vente,App. 3 pièc,Réf 89v bel appartement s 2 r,1500000,19/12/2024,2,130,1.2302438851880204,2.8094011701693673,-0.46813019424270497
Riadh Landlous,Location,App. 1 pièc,A 10 min de de l'aéropor,1000,19/12/2024,0,51,-1.3111523861557082,0.15935290624107484,-0.8841314498576857
Ezzahra,Location,App. 2 pièc,Studio meublé à ezza,500,19/12/2024,1,40,-0.7849389750328251,0.05661194337741803,-0.2667595623501682
Ezzahra,Location,App. 3 pièc,Maison s2 meublé à e,131,19/12/2024,2,150,-0.011106505044377622,-0.20445935698364345,0.0905252889775241
Ezzahra,Location,App. 2 pièc,Studio s1 meublé à e,131,19/12/2024,1,55,-0.7545717446961617,0.03621684178573997,-0.29884722728621727
Berge Du Lac,Location,App. 2 pièc,Suite à lac 2 coquette appart,1900,19/12/2024,1,60,-0.7428318352238404,0.033187222591467794,-0.3103020459119559
La Soukra,Vente,App. 2 pièc,S plus 1 soukra tel 5825,225000,19/12/2024,1,58,-0.556191303354436,0.4802100879995612,-0.3954951565596715
Marsa Ennassim,Location,App. 2 pièc,Coquette appartement s1 meubl,1400,19/12/2024,1,60,-0.7432592927714357,0.03219125324607834,-0.3101014829326424
El Aouina,Location,App. 4 pièc,S plus 3 jardins el aoui,1350,19/12/2024,3,130,0.49816688872306464,-0.2919801315089829,0.7265490492110311
Ezzahra,Location,App. 3 pièc,Appart s2 neuf à ezz,1200,19/12/2024,2,120,-0.0715579888211962,-0.16300982209363957,0.15456784615731667
Nouvelle Medina,Vente,App. 2 pièc,Appartement s2 près show,180000,19/12/2024,1,100,-0.5087509394189956,0.3355246335131217,-0.46770439358284677
Ain Zaghouan,Vente,App. 3 pièc,S plus deux résidence ja,253000,19/12/2024,2,69,0.039388472524663085,0.4054045993747603,0.16316564318529514
El Aouina,Location,App. 2 pièc,S plus un luxueux richem,1600,19/12/2024,1,60,-0.7430883097523975,0.03258964098423413,-0.3101817081243678
Marsa Ennassim,Location,App. 4 pièc,Etage de villa s3 indépendant,2000,19/12/2024,3,180,0.6009982302242335,-0.3562189587425785,0.6188360492886488
Ain Zaghouan,Location,App. 2 pièc,Apartes meublé et vide,150,19/12/2024,1,73,-0.7177362685012069,0.012662597163128094,-0.3375376651771701
Ain Zaghouan,Vente,App. 2 pièc,S2  ain zaghouane nouvel,415000,19/12/2024,1,140,-0.22602537469781764,0.7512033559400993,-0.6479308082996146
El Aouina,Location,App. 2 pièc,Résidence zayatine appartemen,850,19/12/2024,1,60,-0.7437294960737904,0.03109568696614991,-0.3098808636553976
Cite El Khalil,Location,App. 1 pièc,Appartement s3 meubl  la,2500,19/12/2024,0,130,-1.1482744917438361,0.05879774621273227,-1.0545077223134804
Le Bardo,Location,App. 1 pièc,Meublé pour une seule personn,550,19/12/2024,0,55,-1.3033550462134003,0.15321384683961617,-0.8925471246202454
Korba Hached,Location,App. 3 pièc,Local commercial,7800,19/12/2024,2,135,-0.03523285518615107,-0.1695231029492789,0.11968473441559596
Le Bardo,Location,App. 2 pièc,Pour  filles ou petite famill,550,19/12/2024,1,88,-0.6867116084563422,-0.006200703575340872,-0.3699337959754033
Riadh Landlous,Location,App. 2 pièc,Spacieux s0 et s1 pour p,650,19/12/2024,1,70,-0.7234453497549693,0.0175905817514737,-0.33129109207352714
El Manar 1,Location,App. 3 pièc,Mignon appartement meubl,1500,19/12/2024,2,121,-0.0692560013588532,-0.16372291223405794,0.15229846300874308
La Mannouba,Location,App. 2 pièc,S plus 1 hst a la ma,750,19/12/2024,1,65,-0.7335874229143798,0.024343134358811806,-0.32058597786446236
Cite Ennasr 2,Location,App. 2 pièc,Appartement s 1 cité nas,950,19/12/2024,1,70,-0.7231888752264123,0.018188163358707394,-0.3314114298611152
Cite Du Stade,Location,App. 4 pièc,Deux merveilleux apparte,1400,19/12/2024,3,160,0.5595750224914012,-0.33120068700400507,0.662057632083535
El Menzah 8,Location,App. 4 pièc,S plus 3 a el manzah,1300,19/12/2024,3,300,0.8458613417119086,-0.5148939255443684,0.36123139414142824
El Menzah 8,Location,App. 4 pièc,Un appart s 3 avec deux,1300,19/12/2024,3,310,0.8663164710497677,-0.5280006430208888,0.3397409405315733
Cite Ennasr 2,Location,App. 2 pièc,Appart s 1 meublé  à cit,1150,19/12/2024,1,70,-0.7230178922073741,0.01858655109686318,-0.3314916550528406
Cite Ennasr 2,Location,App. 2 pièc,Studio à ennasr 2,750,19/12/2024,1,60,-0.7438149875833093,0.030896493097072004,-0.30984075105953485
El Menzah 9,Vente,App. 3 pièc,S2 400 md menzah 9,400000,19/12/2024,2,129,0.28779176754480473,0.6195792820601473,-0.02474259439200549
El Kantaoui,Location,App. 3 pièc,Appartement 3 pièces,1250,19/12/2024,2,160,0.010305274284999465,-0.21533709506518214,0.0685859754199655
Cite Ennasr 1,Location,App. 4 pièc,Des appartements richement me,150,19/12/2024,3,160,0.5585063786224133,-0.3336906103674788,0.6625590395318187
Borj El Baccouc,Location,Maisons,Etage de villa s4 1300d,1300,19/12/2024,4,170,1.1290861712618645,-0.4606689810920432,1.234139116626906
Marsa Erriadh,Location vacance,App. 2 pièc,Super luxueux splus1pour,350,19/12/2024,1,80,-0.7032466949456674,0.0038862826677196222,-0.35266120789579397
Berge Du Lac,Location,App. 4 pièc,Bureau hall et 4 pièces,2500,19/12/2024,3,180,0.6014256877718287,-0.355222989397189,0.6186354863093353
Berge Du Lac,Location,App. 3 pièc,Petit bureau au lac 1,2270,19/12/2024,2,100,-0.11155348834506056,-0.13466501274146528,0.19711954860129569
El Aouina,Location,App. 2 pièc,S plus 2 meuble wahat ao,1200,19/12/2024,1,110,-0.6411546291011785,-0.03374072187467943,-0.4174735257901918
Kelibia,Vente,App. 2 pièc,Appartement prestigieuse,185000,19/12/2024,1,100,-0.5044763639430437,0.3454843269670166,-0.46971002337598183
El Aouina,Vente,App. 3 pièc,S plus deux bien ensolei,245000,19/12/2024,2,100,0.09596005271050297,0.34883826567131526,0.09975424466376089
Ain Zaghouan,Location,App. 2 pièc,S plus deux jamais habit,1200,19/12/2024,1,100,-0.6616097584390376,-0.020634004398159028,-0.39598307218033685
Ain Zaghouan,Location,App. 2 pièc,S plus un neuf à la nouv,1000,19/12/2024,1,65,-0.7333736941405823,0.024841119031506546,-0.3206862593541191
Kelibia,Location vacance,App. 3 pièc,Villa avec terrasse vue,5800,19/12/2024,2,100,-0.10853563805903847,-0.12763346916301552,0.19570357396734234
Hammam El Gheza,Vente,App. 2 pièc,Nouveau projet immobilie,200000,19/12/2024,1,100,-0.4916526375151878,0.37536340732870116,-0.475726912755387
Hammam Chatt,Location,App. 4 pièc,Appart s3 à hammam c,131,19/12/2024,3,120,0.4766696178841685,-0.28130158729652205,0.7485284753644524
Le Bardo,Location,App. 3 pièc,Appartement  centre ville men,600,19/12/2024,2,250,0.19384574351385706,-0.33459231250287197,-0.12456737519562157
Cite Ennasr 2,Location,App. 2 pièc,S1 de haut standing,900,19/12/2024,1,73,-0.717095082179814,0.014156551181212314,-0.3378385096461404
Megrine Riadh,Location,App. 1 pièc,Belle occasion,370,19/12/2024,0,70,-1.272826236923746,0.13319522166049538,-0.924710602362475
El Menzah 7,Vente,App. 4 pièc,Coquette duplexe,8500000,19/12/2024,3,268,8.046071847325335,16.45593692170377,-2.9790483388904296
Marsa Ennassim,Location,App. 4 pièc,Etage de villa a la mars,1700,19/12/2024,3,160,0.5598314970199583,-0.3306031053967714,0.6619372942959468
Jardins d'el Me,Location,Maisons,Belle villa s5 habitatio,3500,19/12/2024,5,307,1.9603437673420752,-0.7520111281430985,1.5323692506202773
Berge Du Lac,Location,Maisons,Villa haut standing s6,9500,19/12/2024,6,940,3.809424455941818,-1.685877095004605,0.7631486069220597
Berge Du Lac,Location,App. 4 pièc,Appartement s3 lac2,3100,19/12/2024,3,220,0.683759154180379,-0.40645469608880314,0.5324329962947393
Cite Ezzouhour,Location,App. 3 pièc,Coquette bireaux,500,19/12/2024,2,200,0.09148460531504282,-0.2692579189893479,-0.01707499455048407
El Aouina,Location,App. 2 pièc,Particulier l apt s2 meu,1250,19/12/2024,1,104,-0.6533849609491343,-0.025777094454228194,-0.40459930992221016
El Manar 1,Vente,Maisons,Grande villa s6 avec gra,1300000,19/12/2024,6,940,4.912692386285017,0.8847197854456623,0.24549555731389963
El Menzah 7,Location,App. 3 pièc,Alyssounoussa,1100,19/12/2024,2,68,-0.17801015288758226,-0.09505408508481147,0.2663583175244252
Cite Ennasr 2,Location,App. 2 pièc,Bureau h1 très haut stan,1500,19/12/2024,1,73,-0.7165821331226998,0.015351714395679701,-0.3380791852213166
Sidi Daoud,Location,App. 3 pièc,Appartement s2 meublé a,2500,19/12/2024,2,130,-0.04999146985958967,-0.17352701927214728,0.13255592880124661
Cite Ennasr 2,Location,App. 4 pièc,Penthouse s3 de très hau,3500,19/12/2024,3,160,0.561370344191301,-0.32701761575336924,0.6612152675704182
El Menzah 5,Location,App. 4 pièc,S3 haut standing meublé,2800,19/12/2024,3,160,0.5607719036246678,-0.32841197283691453,0.6614960557414571
Hergla,Vente,App. 3 pièc,Offre appartement s2 neu,297000,19/12/2024,2,120,0.18132589633612134,0.42620564263878125,0.03591478759544629
Jardins de Cart,Location,App. 4 pièc,Rez de chaussée meublé a,4500,19/12/2024,3,400,1.0531483633951082,-0.6395868964990795,0.1450432549752722
Cite Ennasr 2,Location,App. 4 pièc,S3 richement meublé de h,2300,19/12/2024,3,160,0.5603444460770726,-0.329407942182304,0.6616966187207706
Mutuelle Ville,Location,App. 4 pièc,S3 vide ou meublé de hau,2400,19/12/2024,3,160,0.5604299375865915,-0.3292087483132261,0.6616565061249079
El Menzah 5,Location,App. 4 pièc,S3 très haut standing ri,2200,19/12/2024,3,160,0.5602589545675535,-0.3296071360513819,0.6617367313166334
Sidi Daoud,Location,App. 4 pièc,Appartement s3 la marsa,2100,19/12/2024,3,200,0.6419939804094706,-0.38223319982654136,0.5758150294730762
Cite Ennasr 2,Location,App. 4 pièc,S3 richement meublé,2000,19/12/2024,3,160,0.5600879715485154,-0.3300055237895377,0.6618169565083587
Ain Zaghouan,Vente,App. 4 pièc,Appt s3 de 175m2 à ain zaghou,650000,19/12/2024,3,175,1.1447556472386773,0.9411106716204574,0.369651654903272
Marsa Ennassim,Location,App. 4 pièc,Appartement s3 avec jard,3700,19/12/2024,3,200,0.6433618445617753,-0.37904609792129496,0.575173227939273
El Aouina,Location,App. 2 pièc,Propriétaire l s2 meublé,1250,19/12/2024,1,104,-0.6533849609491343,-0.025777094454228194,-0.40459930992221016
Cite Ennasr 2,Location,App. 3 pièc,S2 meublé très haut stan,2000,19/12/2024,2,121,-0.06882854381125798,-0.16272694288866843,0.15209790002942958
Megrine Riadh,Location,App. 1 pièc,Belle occasion,360,19/12/2024,0,70,-1.2728347860746978,0.1331753022735876,-0.9247065911028888
El Aouina,Location,App. 3 pièc,S plus deux côté downtow,1000,19/12/2024,2,110,-0.09218410117809332,-0.15030149235527498,0.17613852495889704
Cite Afh,Location,App. 2 pièc,Charmant appartement,850,19/12/2024,1,80,-0.7028192373980723,0.00488225201310913,-0.35286177087510745
Ariana,Location,App. 2 pièc,Studio bien meuble 2pieces,900,19/12/2024,1,73,-0.717095082179814,0.014156551181212314,-0.3378385096461404
El Menzah 9,Location,App. 2 pièc,Un appart s 1 haut stand,1000,19/12/2024,1,68,-0.7272371553392245,0.02090910378855042,-0.3271333954370756
Cite Ennasr 2,Location,App. 2 pièc,Appart s 1 cité nasr non,900,19/12/2024,1,70,-0.7232316209811718,0.01808856642416844,-0.3313913735631839
Borj Louzir,Vente,App. 2 pièc,Appartement s2 borj louz,220000,19/12/2024,1,105,-0.46432677094245045,0.40864882240602046,-0.49449465873285475
Carthage,Location,Maisons,Villa  s3 avec jardin a,5000,19/12/2024,3,160,0.5626527168340866,-0.3240297077172008,0.6606135786324777
Gammart,Location,Maisons,Villa s3 avec piscine a,6500,19/12/2024,3,160,0.5639350894768722,-0.3210417996810323,0.6600118896945372
Gammart,Location,Duplex,Triplex s4 avec piscine,4500,19/12/2024,4,225,1.2443251109246982,-0.5263817234024126,1.1146580187050974
Carthage,Location,Maisons,Villa s5 avec piscine a,12000,19/12/2024,5,307,1.9676105456511936,-0.7350796492714773,1.5289596799719476
Gammart,Location,Maisons,Villa s4 avec jardin a g,5000,19/12/2024,4,225,1.2447525684722935,-0.5253857540570231,1.1144574557257838
Cite Du Stade,Location,App. 4 pièc,Appartement haut standin,3000,19/12/2024,3,300,0.8473146973737323,-0.5115076297700442,0.36054948001176235
Marsa Safsaf,Location,App. 3 pièc,Appartement avec balcon,3500,19/12/2024,2,121,-0.0675461711684724,-0.15973903485249996,0.15149621109148906
Gammart,Location,App. 2 pièc,Appart avec piscine à ga,5000,19/12/2024,1,73,-0.7135899302895334,0.02232349981340612,-0.3394831260765111
Marsa Ennassim,Location,App. 3 pièc,Rez de chaussee avec pis,5800,19/12/2024,2,121,-0.0655798664495345,-0.15515757586370835,0.15057362138664693
El Menzah 7,Location,App. 5 pièc,Spacieux appt s3 à menza,1349,19/12/2024,4,150,1.0882178034258105,-0.43435794114315424,1.2771003686746432
Gammart,Location,Maisons,Villa s4 avec piscine a,6500,19/12/2024,4,225,1.246034941115079,-0.5223978460208546,1.1138557667878433
Cite Ennasr 2,Location,App. 2 pièc,Coquet appt s1 à cité en,900,19/12/2024,1,70,-0.7232316209811718,0.01808856642416844,-0.3313913735631839
Carthage,Location,Maisons,Villa s4 avec piscine a,7500,19/12/2024,4,225,1.2468898562102695,-0.5204059073300756,1.1134546408292163
Carthage,Location,Maisons,Villa s5 carthage,5500,19/12/2024,5,400,2.152286300374545,-0.8699197232931801,1.331705780131372
Marsa Safsaf,Location,App. 2 pièc,Etage de villa s1 meubl,900,19/12/2024,1,73,-0.717095082179814,0.014156551181212314,-0.3378385096461404
El Aouina,Location,App. 3 pièc,Appt s2 meublé à la nouv,2000,19/12/2024,2,115,-0.08110162141397341,-0.15486291240275618,0.16499217219534254
Ben Arous,Location,App. 2 pièc,Bureau clare  à ben,1500,19/12/2024,1,145,-0.5693052018901147,-0.07901665143526707,-0.4928104512122723
Cite Ennasr 2,Location,App. 4 pièc,Appart s3 à ennasr 2 cot,1150,19/12/2024,3,160,0.5593612937176036,-0.33169867167669986,0.6621579135731916
La Soukra,Location,App. 3 pièc,Appartement s2 à chotran,1700,19/12/2024,2,100,-0.11204078994931908,-0.13580041779520932,0.1973481903977131
Cite Ennasr 2,Location,App. 3 pièc,Appart s2 vide à ennasr,1050,19/12/2024,2,100,-0.11259648476119284,-0.13709517794421563,0.19760892227082064
Cite Mohamed Al,Vente,App. 3 pièc,S2 au rez de chaussé,92000,19/12/2024,2,60,-0.11666247420506297,0.09649851588821368,0.24708833077311365
Bizerte,Location,App. 2 pièc,Villa à malouf bizerte,200,19/12/2024,1,73,-0.7176935227464473,0.012762194097667047,-0.33755772147510144
Bizerte,Vente,App. 2 pièc,Appartement bizerte cent,260000,19/12/2024,1,85,-0.4710404258105529,0.5145398049902203,-0.46755878985822535
Cite Ennasr 2,Location,App. 2 pièc,Un appartement s 1 à cit,900,19/12/2024,1,83,-0.696639952841955,0.0010498337046919316,-0.35932896325599534
Marsa Ennassim,Location,App. 4 pièc,Appartement avec jardin,3000,19/12/2024,3,200,0.642763403995142,-0.38044045500484025,0.5754540161103119
Berge Du Lac,Location vacance,App. 1 pièc,A 10 minute de l'aéropor,1500,19/12/2024,0,51,-1.3107249286081128,0.16034887558646432,-0.8843320128369991
Hammam Lif,Vente,App. 3 pièc,Duplex avec local comerc,190000,19/12/2024,2,113,0.07553139061424823,0.22224290495899515,0.09387858269543514
Hammam Chatt,Location,App. 4 pièc,Appartement s2 a hammam,390,19/12/2024,3,70,0.3746153942045276,-0.21525208779300836,0.8558768517904428
Cite Ezzouhour,Location,App. 2 pièc,Pour couple ou une petite fam,450,19/12/2024,1,80,-0.7031612034361484,0.004085476536797529,-0.35270132049165664
Cite Jardins,Location,Maisons,Etage de villa s3 bu,1150,19/12/2024,3,80,0.39572025901473135,-0.22684493186453675,0.8340815424520314
El Mourouj,Location,App. 3 pièc,Appartement richement me,800,19/12/2024,2,80,-0.15372047221070853,-0.1113797276638696,0.2406901109801873
Hedi Chaker,Location,App. 2 pièc,Cote bourguiba school semi me,900,19/12/2024,1,70,-0.7232316209811718,0.01808856642416844,-0.3313913735631839
Cite Bhar Lazre,Vente,App. 2 pièc,Appartement s1 à bha,90000,19/12/2024,1,100,-0.5856932979861308,0.15625015134301395,-0.43160305730641557
Cite El Hidhab,Location,App. 2 pièc,Un joli appartement bon,550,19/12/2024,1,100,-0.6621654532509113,-0.02192876454716534,-0.3957223403072293
Cite Bhar Lazre,Vente,App. 2 pièc,Appartement s2 à bha,100000,19/12/2024,1,100,-0.5771441470342269,0.1761695382508037,-0.4356143168926857
El Manar 1,Vente,App. 3 pièc,Manar 1 s3 de 90m2 proch,234000,19/12/2024,2,90,0.06610085732554964,0.340033657549267,0.12565708381851298
Cite Ennasr 2,Location,App. 5 pièc,Ennasr 2 joli appt s3 bi,1450,19/12/2024,4,150,1.088304149850425,-0.4341567553353855,1.2770598549528218
El Aouina,Vente,App. 4 pièc,L'aouina joli appt s2 bi,290000,19/12/2024,3,100,0.6835727429361937,0.32231312401392936,0.6752354020829088
Cite Ennasr 2,Location,App. 2 pièc,S1 état presque neuf,1200,19/12/2024,1,80,-0.7025200171147556,0.00557943055488175,-0.3530021649606269
El Menzah 8,Location,App. 5 pièc,Spacieux s4,1400,19/12/2024,4,225,1.2416748741296082,-0.5325567333438274,1.1159015091768412
Cite Ennasr 1,Location,App. 5 pièc,S4 étage de villa habita,1250,19/12/2024,4,225,1.2415466368653296,-0.5328555241474442,1.1159616780706352
Bou Mhel,Location,App. 2 pièc,Étage de villa s2 a boumhel b,900,19/12/2024,1,100,-0.6618662329675946,-0.02123158600539272,-0.3958627343927487
Cite Ennasr 2,Location,App. 2 pièc,S1 meublé courte durée h,560,19/12/2024,1,73,-0.7173857533121788,0.013479292026347458,-0.33770212682020717
Cite Ennasr 2,Location,App. 3 pièc,S2 pour usage bureau,1200,19/12/2024,2,121,-0.06951247588741032,-0.16432049384129163,0.1524188007963312
El Manar 2,Location,App. 4 pièc,Bureau 4 pièces,1400,19/12/2024,3,160,0.5595750224914012,-0.33120068700400507,0.662057632083535
Cite Ennasr 2,Vente,App. 1 pièc,S3 ennaser 2 ref154a,400000,19/12/2024,0,124,-0.8207188190083712,0.858457406283287,-1.2010610187018051
Jardins d'el Me,Vente,App. 1 pièc,S2 jardin menzah 2 ref15,330000,19/12/2024,0,114,-0.9010180050095575,0.7321284154052792,-1.1514917479880593
Cite Ennasr 2,Location,App. 5 pièc,S4 à usage habitation ou,1400,19/12/2024,4,225,1.2416748741296082,-0.5325567333438274,1.1159015091768412
Cite Oplympique,Vente,App. 1 pièc,Appart s3 cité olympique,304000,19/12/2024,0,160,-0.8291522025303562,0.6200471090530321,-1.2399185596690896
Sidi Daoud,Location,App. 2 pièc,Coquette appartement s1 vide,1250,19/12/2024,1,110,-0.641111883346419,-0.033641124940140446,-0.41749358208812315
El Manar 2,Location,App. 3 pièc,S2 meublé de haut standi,1400,19/12/2024,2,121,-0.06934149286837223,-0.16392210610313582,0.15233857560460579
Cite Ennasr 2,Location,App. 4 pièc,S3 pour courte durée,150,19/12/2024,3,160,0.5585063786224133,-0.3336906103674788,0.6625590395318187
Cite Ennasr 2,Location,App. 4 pièc,S3 richement meublé de t,2800,19/12/2024,3,160,0.5607719036246678,-0.32841197283691453,0.6614960557414571
La Soukra,Vente,App. 4 pièc,Appt haut standing,355000,19/12/2024,3,144,0.8291447932101489,0.394119582017873,0.5546042188887912
El Menzah 9,Location,Maisons,Villa s6 à usage commerc,3000,19/12/2024,6,940,3.8038675078230804,-1.6988246964946683,0.7657559256531352
Hammam El Gheza,Vente,App. 3 pièc,Villa avec studio a keli,150000,19/12/2024,2,220,0.2602046707217243,0.0023234803290680317,-0.1200242325849324
Sousse Corniche,Vente,App. 4 pièc,Bord de mer vue mer,370000,19/12/2024,3,190,0.9360621145921563,0.3637077619875639,0.4497312429040532
El Aouina,Vente,App. 3 pièc,Un s2 à cité palmeraies,280000,19/12/2024,2,116,0.1586102879827411,0.39758537188614684,0.051330110336047494
Ain Zaghouan,Location,App. 2 pièc,Appartement s1 à ain zag,1000,19/12/2024,1,60,-0.7436012588095118,0.03139447776976674,-0.3099410325491916
Kelibia,Vente,App. 3 pièc,Appartement  avec vue im,280000,19/12/2024,2,125,0.17701990438681423,0.3857893261572785,0.03198870208717802
El Aouina,Location,App. 2 pièc,Appt s plus 2 meublée a,1900,19/12/2024,1,120,-0.6201010591966861,-0.04545308226765453,-0.43924476757108566
Jardins de Cart,Location,App. 1 pièc,appartement au jardin d,3200,19/12/2024,0,250,-0.9022144991228944,-0.09708850642196713,-1.3126739538027787
El Mourouj,Vente,App. 2 pièc,Bel appartement mrj 5,90000,19/12/2024,1,74,-0.6388766342645643,0.19032761678196697,-0.3757278779207927
El Aouina,Vente,App. 3 pièc,Un appartement s2 à cité,430000,19/12/2024,2,100,0.2541193453207253,0.7173469234654256,0.025545942317763505
El Mourouj 2,Vente,App. 4 pièc,Appartement mourouj 2,110000,19/12/2024,3,90,0.5092328964640643,-0.023129122849765715,0.7689285282456261
El Mourouj,Location,App. 1 pièc,Studio mrj3,250,19/12/2024,0,178,-1.052013429886291,-0.008596359728818302,-1.1567593662338735
Hammamet,Location,App. 3 pièc,Appartement fakher 1 ref,1350,19/12/2024,2,100,-0.11234001023263572,-0.13649759633698194,0.19748858448323253
La Soukra,Vente,App. 3 pièc,New appartement,325000,19/12/2024,2,165,0.297311601021818,0.4229996973362508,-0.07202378049045736
La Soukra,Location,App. 3 pièc,Appartement s2 à la souk,1600,19/12/2024,2,100,-0.11212628145883811,-0.1359996116642872,0.1973883029935758
Gammart,Location,App. 4 pièc,Maison avec tres grand j,4450,19/12/2024,3,255,0.7565062422413927,-0.4496390900240729,0.45667488861610045
Marsa Safsaf,Location,App. 3 pièc,Appartement tout neuf vu,3600,19/12/2024,2,100,-0.11041645126845732,-0.13201573428272925,0.19658605107632177
Gammart,Location,App. 4 pièc,Appartement haut standin,4950,19/12/2024,3,190,0.6239753590929041,-0.3634494570813009,0.5961622741008442
Sidi Frej,Vente,App. 3 pièc,Apparetment au premier e,315000,19/12/2024,2,110,0.17625923871168936,0.4751672565493232,0.05018497395001502
El Menzah 5,Location,Maisons,Villa s4 plain pied avec,2500,19/12/2024,4,600,2.0096826309040314,-1.021867506153485,0.30956826025279066
Ariana,Location,App. 3 pièc,Appartement s2 côté esprit,850,19/12/2024,2,85,-0.14345016178701947,-0.11783348946759084,0.22992482787732846
El Aouina,Vente,App. 3 pièc,Un s2 à l'aouina,370000,19/12/2024,2,120,0.24373469828501987,0.5716171670656462,0.00663259261567437
Cite El Khalil,Location,App. 3 pièc,Eatge de villa a la marsa,1000,19/12/2024,2,200,0.091912062862638,-0.26826194964395844,-0.017275557529797578
Hammamet,Vente,App. 3 pièc,Villa hamammet nord 750,750000,19/12/2024,2,200,0.7322434691602406,1.2237001297494938,-0.31771890054143015
Bou Mhel,Location,App. 3 pièc,Bureau haut standing s3 à bou,950,19/12/2024,2,120,-0.0717717175949938,-0.1635078067663343,0.15466812764697344
Bou Mhel,Location,App. 3 pièc,Étage de villa s3 à boumhel,1400,19/12/2024,2,130,-0.05093187646429909,-0.17571815183200415,0.1329971673557363
El Manar 2,Location,App. 3 pièc,Offre s3 manar 3 1550dt,1550,19/12/2024,2,100,-0.11216902721359763,-0.13609920859882615,0.19740835929150713
Cite Ennasr 2,Location,App. 4 pièc,Appart a ennasr 2,1200,19/12/2024,3,105,0.44690082811413845,-0.2595121286212988,0.7803353521294626
Kelibia,Vente,App. 2 pièc,Appartement au deuxieme,235000,19/12/2024,1,95,-0.47195817385245364,0.4516346202442255,-0.479021094502405
Ain Zaghouan,Vente,App. 4 pièc,U s3 à ain zaghouan nord,750000,19/12/2024,3,172,1.2241106179563586,1.144236555941311,0.33598619512352723
Berge Du Lac,Location,App. 5 pièc,Appartement s4 au lac 2,3500,19/12/2024,4,230,1.2536977604984374,-0.5349270208314517,1.1043139178587968
Berge Du Lac,Location,App. 2 pièc,Bureau 2 pieces au lac 2,2600,19/12/2024,1,108,-0.6440487738354838,-0.02833066421228479,-0.4137370114102986
Jardins de Cart,Location,App. 1 pièc,Bureau neuf open space a,254,19/12/2024,0,5800,10.44786370351844,-7.377184957273816,-13.238693990198165
Hergla,Vente,App. 4 pièc,Appartement s3 neuf proc,660000,19/12/2024,3,200,1.2044426215352289,0.9282632648369464,0.3119142612923645
Hergla,Vente,App. 3 pièc,Appartement s2 neuf et p,500000,19/12/2024,2,120,0.35487366065977066,0.830569196866913,-0.0455137820058373
Hedi Chaker,Location,App. 2 pièc,Meublee studio cote lafayette,900,19/12/2024,1,73,-0.717095082179814,0.014156551181212314,-0.3378385096461404
Ain Zaghouan,Location,App. 1 pièc,Studio avec jardins burea,800,19/12/2024,0,60,-1.292913752770673,0.14715847277405075,-0.9033926329148296
Cite Ennasr 2,Location,App. 1 pièc,Particulier l s1 meublé,1200,19/12/2024,0,75,-1.2618890927258084,0.12829517203558172,-0.935788763713063
El Aouina,Location,App. 1 pièc,S plus 1 meuble el wahat aoui,1350,19/12/2024,0,70,-1.2719884201304592,0.1351473215774588,-0.9251037058019295
El Aouina,Location,App. 2 pièc,S2 meublé pour étranger,1250,19/12/2024,1,104,-0.6533849609491343,-0.025777094454228194,-0.40459930992221016
El Aouina,Location,App. 5 pièc,Particulier l s4 meublé,2200,19/12/2024,4,209,1.209630599265186,-0.5099924344287716,1.1499653341857075
El Menzah 7,Vente,App. 3 pièc,S2 212 md menzah 7,212000,19/12/2024,2,90,0.04729272523136104,0.29621100635212955,0.13448185490830725
El Menzah 7,Vente,App. 4 pièc,S3 290 md menzah 7,290000,19/12/2024,3,115,0.7142554369429823,0.3026530477991488,0.6429997216681264
El Manar 1,Vente,App. 4 pièc,S4 à manar 1,280000,19/12/2024,3,100,0.6750235919842899,0.30239373710613965,0.6792466616691789
El Aouina,Vente,App. 4 pièc,Appartement s3 à cit,270000,19/12/2024,3,98,0.6623834151648141,0.285095693693654,0.68755601197742
Riadh Landlous,Vente,App. 1 pièc,S2 haut standing riadh l,330000,19/12/2024,0,129,-0.8703353110027691,0.7124683391904987,-1.1837274284028416
Cite Ennasr 2,Vente,App. 1 pièc,Appart s2 ennaser 2 ref3,310000,19/12/2024,0,130,-0.885388099972791,0.671318893627267,-1.177853954591287
Hedi Chaker,Location,App. 2 pièc,A lafayette semi meublee stud,900,19/12/2024,1,75,-0.7130040563122422,0.01153520768590824,-0.34213660036811133
Ezzahra,Vente,App. 3 pièc,Réf 90v coquette appartement,180000,19/12/2024,2,90,0.019935442185268527,0.2324689682472023,0.14731788558437167
El Menzah 8,Location,App. 4 pièc,Appartement s plus 3,1300,19/12/2024,3,130,0.4981241429683051,-0.2920797284435218,0.7265691055089625
Riadh Landlous,Vente,App. 2 pièc,S1 appart riadh landalou,169000,19/12/2024,1,59,-0.602021035751312,0.36735084956828656,-0.3751811482375443
Gammart,Vente,App. 3 pièc,Réf 58v appartement s2 en cou,375000,19/12/2024,2,85,0.1764163210784652,0.6274503716873625,0.07984355045703166
Hammamet,Location,App. 3 pièc,S plus 2 a el hammam,700,19/12/2024,2,80,-0.15380596372022756,-0.1115789215329475,0.24073022357605
Berge Du Lac,Location,Duplex,Suite à lac 1 duplex s3 meubl,2300,19/12/2024,3,120,0.4785239287256364,-0.2769810722762225,0.7476584331601904
Cite Des Juges,Location,App. 2 pièc,Coquet studio s1 vide aux cit,570,19/12/2024,1,40,-0.7848791309761617,0.05675137908577254,-0.26678764116727205
El Aouina,Vente,App. 3 pièc,Apprt s2 jamais habité à,263610,19/12/2024,2,909,1.7666899860647922,-0.6744251991437874,-1.646288406463554
Berge Du Lac,Location,App. 2 pièc,Aux lac 2 une coquette appart,1750,19/12/2024,1,60,-0.742960072488119,0.03288843178785096,-0.31024187701816186
El Yasmina,Location,App. 3 pièc,Lo1726 appartement s3 à carth,850,19/12/2024,2,80,-0.15367772645594902,-0.11128013072933064,0.24067005468225597
Cite El Khalil,Location,App. 1 pièc,Petite studio s0 vide aux cit,650,19/12/2024,0,27,-1.3605439168498865,0.19011184964295114,-0.8324139671085142
Residence Zahre,Location,App. 3 pièc,Occasion d or,600,19/12/2024,2,103,-0.10684465775267078,-0.14192356559802227,0.1913422928692463
El Manar 1,Location,App. 1 pièc,Aux manar 1 studio open space,650,19/12/2024,0,35,-1.3441798133795992,0.17962647566173484,-0.8496063299963983
Jardins de Cart,Location,App. 3 pièc,S2 meublé aux jardins de,2800,19/12/2024,2,1,-0.31360616378941414,-0.0038527822178005917,0.4096624425807875
Hammamet,Location,App. 2 pièc,S plus 1 a el hammam,500,19/12/2024,1,50,-0.764483845694966,0.04350522590089763,-0.28825001596002314
Jardins de Cart,Location,App. 2 pièc,S1 aux jardins de cartha,1400,19/12/2024,1,73,-0.7166676246322188,0.015152520526601822,-0.33803907262545385
Bou Mhel,Location,App. 3 pièc,Local elegance à bou,900,19/12/2024,2,85,-0.14340741603225995,-0.11773389253305191,0.22990477157939712
Cite Ennasr 2,Location,App. 2 pièc,Appart s1 meublé à ennas,1100,19/12/2024,1,70,-0.7230606379621337,0.018486954162324227,-0.3314715987549093
Cite Bhar Lazre,Vente,App. 3 pièc,Apprt s2 encours de,340000,19/12/2024,2,98,0.17308596088601827,0.5406937847906219,0.06594536931616565
Cite Ennasr 2,Location,App. 3 pièc,Appart s2 meublé à ennas,1150,19/12/2024,2,90,-0.13296612258953286,-0.12378926659861737,0.2190592632848129
Gammart,Location,Maisons,Villa s6 avec piscine a,7500,19/12/2024,6,940,3.807714625751437,-1.6898609723861628,0.7639508588393138
Gammart,Location,Duplex,Duplex s2 meublé  a gamm,3000,19/12/2024,2,150,-0.008653753636276386,-0.19874448487979857,0.08937445860222319
El Menzah 9,Location,App. 3 pièc,Appart s2 haut standing,1550,19/12/2024,2,120,-0.07125876853787956,-0.16231264355186692,0.15442745207179723
Hammamet,Location,App. 2 pièc,S plus 1 meublé a el,550,19/12/2024,1,60,-0.7439859706023474,0.030498105358916217,-0.30976052586780944
Cite Du Stade,Location,App. 3 pièc,Apprt s2 la marsa stade,1450,19/12/2024,2,90,-0.13270964806097574,-0.12319168499138365,0.2189389254972248
Ain Zaghouan,Location,App. 2 pièc,S plus un bien ensoleill,800,19/12/2024,1,60,-0.7437722418285498,0.030996090031610957,-0.3098608073574662
Ain Zaghouan,Location,App. 2 pièc,S plus 1 richement meulé,1100,19/12/2024,1,60,-0.7435157672999927,0.03159367163884462,-0.3099811451450543
Jardins de Cart,Location,App. 2 pièc,S1 meublé aux jardins de,1500,19/12/2024,1,1,-0.8638590643552849,0.1097200802266265,-0.18334791923036092
Berge Du Lac,Location,Maisons,Villa s5 avec piscine au,8000,19/12/2024,5,550,2.4612505281804067,-1.0615406387140387,1.0083461610869802
Marsa Ennassim,Location,Maisons,Villa s4 à la marsa mvl1,5000,19/12/2024,4,400,1.6027173318848267,-0.7547533098961299,0.7383745175533222
Sidi Daoud,Location,Maisons,Villa s4 avec piscine à,4000,19/12/2024,4,1,0.7857027562090607,-0.2337872212737454,1.5962447425451618
Carthage,Location,Maisons,Villa s3 avec piscine à,8500,19/12/2024,3,1,0.2404083631952943,-0.10866111442280021,1.0009078501739768
Ain Zaghouan,Location,App. 2 pièc,Un appartement s2 vide à,1200,19/12/2024,1,1,-0.8641155388838421,0.10912249861939281,-0.1832275814427728
Borj Cedria,Location,App. 3 pièc,Appartement meublé borj,1500,19/12/2024,2,100,-0.11221177296835717,-0.1361988055333651,0.1974284155894385
Bizerte,Vente,App. 3 pièc,Villa villa,700000,19/12/2024,2,600,1.5077028879150824,0.5998344961497297,-1.1572807470042779
Bizerte,Location,App. 1 pièc,Local commercial,3000,19/12/2024,0,178,-1.0496624133745176,-0.0031185283291761045,-1.1578624626200977
Jardins de Cart,Location,App. 1 pièc,Un appartement s1 meublé,1500,19/12/2024,0,1,-1.4130005752974082,0.22588246296906628,-0.7768797447877244
Cite Ain Mariem,Vente,App. 2 pièc,Appartement ain mariem b,270000,19/12/2024,1,290,-0.04316112343253874,0.26577148362934205,-0.9121243484465221
Ain Zaghouan,Location,App. 3 pièc,Appartement s2 à ain zag,1200,19/12/2024,2,1,-0.3149740279417188,-0.007039884123046968,0.4103042441145907
Cite Ennasr 2,Location,App. 2 pièc,S1 courte durée,630,19/12/2024,1,73,-0.7173259092555154,0.013618727734701993,-0.33773020563731104
Riadh Landlous,Location,App. 2 pièc,S1 neuf richement meublé,1250,19/12/2024,1,73,-0.7167958618964974,0.014853729722984989,-0.33797890373165984
Cite Ennasr 2,Location,App. 2 pièc,Superbe s1 entièrement m,1300,19/12/2024,1,73,-0.7167531161417379,0.014953326657523915,-0.3379989600295912
Marsa Safsaf,Location vacance,App. 2 pièc,Comme chez vous pour des,350,19/12/2024,1,55,-0.754384518290315,0.03665307635902057,-0.2989350738711566
Mutuelle Ville,Location,App. 5 pièc,S4 neuf pour habitation,2400,19/12/2024,4,225,1.2425297892247984,-0.5305647946530484,1.115500383218214
Marsa Safsaf,Location,App. 2 pièc,Appartement vu sur mère a la,3600,19/12/2024,1,50,-0.7618336088998757,0.049680235842312445,-0.2894935064317669
Cite Ennasr 2,Location,App. 2 pièc,S1 haut standing,970,19/12/2024,1,73,-0.7170352381231507,0.014295986889566849,-0.33786658846324424
Cite Ennasr 2,Location,App. 2 pièc,Bel s1 haut standing,900,19/12/2024,1,73,-0.717095082179814,0.014156551181212314,-0.3378385096461404
El Menzah 9,Location,App. 3 pièc,S2 très haut standing,1400,19/12/2024,2,121,-0.06934149286837223,-0.16392210610313582,0.15233857560460579
Charguia 2,Location,App. 5 pièc,Immense demeure avec pis,8500,19/12/2024,4,225,1.24774477130546,-0.5184139686392967,1.1130535148705893
Cite Ennacim,Location,Maisons,Etage de villa s2 me,1000,19/12/2024,2,110,-0.09218410117809332,-0.15030149235527498,0.17613852495889704
El Aouina,Vente,App. 3 pièc,S plus 2 wahat tel 58258,250000,19/12/2024,2,80,0.05932436951073683,0.38501139407825097,0.14072952209033573
El Aouina,Location,App. 3 pièc,S plus 2 lac 2 tel 58258,2000,19/12/2024,2,120,-0.07087405674504386,-0.16141627114101637,0.15424694539041506
El Aouina,Vente,App. 4 pièc,S plus 3 el aouina tel 5,320000,19/12/2024,3,132,0.7746766096730543,0.3401297888124334,0.5944321717725626
Jardins de Cart,Location,App. 2 pièc,Un appartement s2 meublé,2800,19/12/2024,1,1,-0.8627476747315374,0.11230960052463919,-0.183869382976576
Ain Zaghouan,Location,App. 4 pièc,Bel appartement s3 aux ain za,1500,19/12/2024,3,140,0.5187502553252021,-0.3047880581818864,0.7049984267073821
El Aouina,Location,App. 2 pièc,Coquet appartement s1 vide au,850,19/12/2024,1,60,-0.7437294960737904,0.03109568696614991,-0.3098808636553976
Marsa Safsaf,Location,App. 3 pièc,Etage s2 indépendante vue sur,3500,19/12/2024,2,100,-0.11050194277797638,-0.13221492815180713,0.19662616367218447
Le Kram,Location,App. 2 pièc,Suite à cité office apparteme,850,19/12/2024,1,65,-0.7335019314048608,0.024542328227889713,-0.32062609046032503
El Aouina,Location,App. 3 pièc,Aux aouina bel appartement s2,1100,19/12/2024,2,90,-0.13300886834429237,-0.12388886353315633,0.21907931958274426
Ain Zaghouan,Location,App. 3 pièc,S plus deux bien orienté,1000,19/12/2024,2,90,-0.1330943598538114,-0.1240880574022342,0.21911943217860694
Ain Zaghouan,Location,App. 4 pièc,Aux ain zaghouan bel appartem,1500,19/12/2024,3,140,0.5187502553252021,-0.3047880581818864,0.7049984267073821
Jardins de Cart,Location,App. 1 pièc,Un appartement s1 vide z,1800,19/12/2024,0,1,-1.412744100768851,0.22648004457629997,-0.7770000825753124
El Menzah 9,Location,App. 2 pièc,Un appartement s 1 el ma,900,19/12/2024,1,75,-0.7130040563122422,0.01153520768590824,-0.34213660036811133
El Aouina,Vente,App. 2 pièc,Réf 79v une coquette appartem,230000,19/12/2024,1,70,-0.5273705726730532,0.47444172048163163,-0.4232893306846325
Hammamet,Location,App. 3 pièc,Appartement belle de nui,1250,19/12/2024,2,121,-0.06946973013265077,-0.16422089690675265,0.15239874449839982
Jardins de Cart,Vente,App. 2 pièc,S1 avec jardin aux j,410000,19/12/2024,1,70,-0.3734858555387829,0.8329906848218471,-0.4954920032374948
Cite Ennour Jaa,Vente,App. 4 pièc,Appartement s3 à nour ja,150000,19/12/2024,3,99,0.5618391166757531,0.044752379052524945,0.7335420816516761
Ain Zaghouan,Location,App. 1 pièc,Un appartement s1 meublé,1200,19/12/2024,0,1,-1.4132570498259653,0.22528488136183258,-0.7767594070001362
Hammamet,Location,App. 4 pièc,S plus 3 a la cité a,1000,19/12/2024,3,110,0.4569574097640299,-0.26646387509771474,0.7696703505162605
El Mourouj,Vente,App. 3 pièc,Apprt mourouj 3,130000,19/12/2024,2,85,-0.03303787724318052,0.13942539244651375,0.1781194103206498
Jardins de Cart,Location,App. 3 pièc,Un rez de chaussée de vi,2400,19/12/2024,2,1,-0.3139481298274903,-0.004649557694112193,0.4098228929642383
Chatt Meriem,Location,App. 1 pièc,annuelle un appartemen,1300,19/12/2024,0,1,-1.4131715583164461,0.2254840752309105,-0.7767995195959989
Sousse,Location,App. 2 pièc,S2 kantaoui,600,19/12/2024,1,73,-0.7173515567083711,0.013558969573978648,-0.33771817185855224
Jardins d'el Me,Location,App. 4 pièc,Usage bureautique ou hab,1500,19/12/2024,3,200,0.6414810313523563,-0.38342836304100875,0.5760557050482524
La Soukra,Location,App. 3 pièc,Un appartement s3à la so,3000,19/12/2024,2,1,-0.3134351807703761,-0.003454394479644805,0.4095822173890621
Cite Ennasr 2,Location,App. 3 pièc,S2 meublé à  ennasr 2,1200,19/12/2024,2,121,-0.06951247588741032,-0.16432049384129163,0.1524188007963312
La Soukra,Vente,App. 3 pièc,Apprt s2 à   laouina,460000,19/12/2024,2,125,0.3309046215210845,0.7443382904974939,-0.040213970465684264
El Menzah 9,Location,App. 2 pièc,Appart s1 haut standing,950,19/12/2024,1,70,-0.7231888752264123,0.018188163358707394,-0.3314114298611152
Cite Ennasr 2,Location,App. 2 pièc,Appartement s 1 ht stand,880,19/12/2024,1,70,-0.7232487192830755,0.01804872765035286,-0.33138335104401134
Hammamet,Location,App. 4 pièc,S plus 3 semi meublé,800,19/12/2024,3,70,0.3749659093935557,-0.214435392929789,0.8557123901474057
Ain Zaghouan,Vente,App. 3 pièc,S plus deux haut standin,245000,19/12/2024,2,80,0.05504979403478488,0.37505170062435605,0.1427351518834708
Hammam Sousse,Vente,App. 3 pièc,Appartement rdc à hammem,200000,19/12/2024,2,160,0.1802196494540896,0.1805607197271391,-0.011137808857153295
Jardins de Cart,Location,App. 2 pièc,Un appartement s2 vide m,1900,19/12/2024,1,1,-0.8635170983172088,0.11051685570293808,-0.18350836961381173
Hammam Sousse,Location,App. 1 pièc,annuelle un appartemen,800,19/12/2024,0,1,-1.4135990158640415,0.224488105885521,-0.7765989566166854
El Mourouj,Location,App. 3 pièc,App usage bureautique,850,19/12/2024,2,90,-0.13322259711808995,-0.12438684820585104,0.219179601072401
Ain Zaghouan,Location,App. 1 pièc,Un appartement s1 à ain,1000,19/12/2024,0,1,-1.4134280328450033,0.2248864936236768,-0.7766791818084108
Riadh Landlous,Location,App. 3 pièc,S 2 a cote de mahmou,720,19/12/2024,2,110,-0.09242347740474664,-0.1508592351886931,0.1762508402273126
Gammart,Location,App. 4 pièc,Appartement s3 jamais ha,3200,19/12/2024,3,160,0.5611138696627439,-0.32761519736060296,0.6613356053580063
Hammamet,Location,App. 4 pièc,Appartement jacinthe 3 r,1200,19/12/2024,3,160,0.5594040394723631,-0.3315990747421609,0.6621378572752603
Sidi Bousaid,Location,App. 3 pièc,Etage villa meublé de a,3000,19/12/2024,2,150,-0.008653753636276386,-0.19874448487979857,0.08937445860222319
Jardins d'el Me,Location,App. 4 pièc,Usage bureautique ou hab,1500,19/12/2024,3,160,0.5596605140009202,-0.3310014931349272,0.6620175194876722
El Menzah 9,Location,App. 3 pièc,Un appartement s 2 haut,1350,19/12/2024,2,110,-0.09188488089477669,-0.14960431381350234,0.1759981308733776
Casino La Goule,Location,App. 2 pièc,Appartement s1 meublé aux la,700,19/12/2024,1,50,-0.7643128626759279,0.043903613639053415,-0.28833024115174855
El Aouina,Location,App. 3 pièc,Appartement s2 vide aux aouin,1300,19/12/2024,2,90,-0.13283788532525428,-0.12349047579500051,0.21899909439101883
Marsa Safsaf,Location,App. 3 pièc,Etage indépendante meublé aux,3500,19/12/2024,2,100,-0.11050194277797638,-0.13221492815180713,0.19662616367218447
Erriadh,Location,App. 4 pièc,Cote la gare de le kram appar,1200,19/12/2024,3,120,0.47758352212092703,-0.27917220483607935,0.7480996717146802
Sidi Bousaid,Location,App. 4 pièc,Bel etage de villa s3 aux sid,2000,19/12/2024,3,130,0.49872258353493837,-0.2906853713599765,0.7262883173379237
Mosque Erraoudh,Location,App. 4 pièc,Suite à la soukra appartement,850,19/12/2024,3,120,0.4772843018376104,-0.27986938337785194,0.7482400658001996
Hammamet,Location,Maisons,Etage de villa s3 me,1200,19/12/2024,3,150,0.5389489101345041,-0.3184923572656405,0.6836283108851153
Hammamet,Location,App. 4 pièc,Appartement epiaire ref,1200,19/12/2024,3,160,0.5594040394723631,-0.3315990747421609,0.6621378572752603
El Manar 2,Location,App. 2 pièc,Rez jardin s2 900dt meub,900,19/12/2024,1,80,-0.7027764916433127,0.004981848947648056,-0.35288182717303884
Ariana,Location,App. 3 pièc,S3 haut standing  borj l,1000,19/12/2024,2,100,-0.11263923051595236,-0.1371947748787546,0.197628978568752
Ariana,Location,App. 1 pièc,Appart s0 haut standing,730,19/12/2024,0,40,-1.3338838555030545,0.17323247201873698,-0.8603836468780158
Sousse Corniche,Vente,App. 4 pièc,Appartement pieds dans l,300000,19/12/2024,3,160,0.8148526699152518,0.2635922060625968,0.542281420837509
Ain Zaghouan,Location,App. 2 pièc,S plus 1 ain zaghaoun su,850,19/12/2024,1,64,-0.7355474443386467,0.02585299997554175,-0.31847704509933955
Jardins de Cart,Location,App. 1 pièc,Un appartement s1 meublé,1750,19/12/2024,0,1,-1.4127868465236104,0.22638044764176102,-0.776980026277381
La Soukra,Vente,App. 3 pièc,Des s2 neufs à la nouvel,330000,19/12/2024,2,96,0.16044578406654258,0.5233957413781364,0.07425471962440677
Hammam Sousse,Location,App. 1 pièc,annuelle un appartemen,800,19/12/2024,0,178,-1.0515432265839364,-0.00750079344888984,-1.1569799855111182
El Mourouj,Location,App. 3 pièc,App usage bureautique,850,19/12/2024,2,121,-0.06981169617072693,-0.16501767238306425,0.15255919488185063
Gammart,Location,App. 4 pièc,Appartement s3 jamais ha,3200,19/12/2024,3,170,0.5815689990006029,-0.34072191483712333,0.6398451517481514
El Menzah 9,Location,App. 4 pièc,Appart s3 haut standing,2200,19/12/2024,3,160,0.5602589545675535,-0.3296071360513819,0.6617367313166334
Bizerte,Location,App. 2 pièc,Un appartement meuble ha,900,19/12/2024,1,73,-0.717095082179814,0.014156551181212314,-0.3378385096461404
Bizerte,Location,App. 2 pièc,Appartement meublée,750,19/12/2024,1,73,-0.7172233194440926,0.013857760377595481,-0.3377783407523463
Cite Ennasr 2,Location,Maisons,Villa s7 avec jardin et,4500,19/12/2024,7,700,3.863368287299372,-1.4974379517644503,1.874456948909077
Cite Ennasr 2,Location,App. 2 pièc,Appart s1 meublé haut st,1200,19/12/2024,1,70,-0.7229751464526146,0.018686148031402134,-0.33151171135077195
El Aouina,Vente,App. 4 pièc,S plus 4 cite el wahat p,365000,19/12/2024,3,186,0.9236054873810607,0.3589907555242772,0.46033305414113024
El Aouina,Location,App. 3 pièc,Apprt  s 2 à ariana,1300,19/12/2024,2,150,-0.01010710929810004,-0.20213078065412282,0.09005637273188911
Bou Mhel,Location,App. 1 pièc,Bureau s0 a boumhel,480,19/12/2024,0,70,-1.272732196263275,0.13341433491648108,-0.924754726217924
El Mourouj,Vente,App. 3 pièc,Appartement mourouj 6 s2,230000,19/12/2024,2,109,0.10154594268672025,0.30716313958076236,0.08642972579429661
Jardins de Cart,Location,App. 3 pièc,Apprt s2 meublé à  j,2200,19/12/2024,2,125,-0.060475509057076306,-0.1675712421411208,0.14342149339376217
Sahloul,Vente,App. 1 pièc,A  un appartement s3 sit,1,19/12/2024,0,178,-1.0522263037449935,-0.009092352462822244,-1.1566594858701753
Cite Ennasr 1,Vente,App. 2 pièc,S1 de haut standing a en,180000,19/12/2024,1,56,-0.5987535085055754,0.3931941904098114,-0.37314639769948493
El Menzah 9,Location,App. 2 pièc,S1 meublé menzah 9c,1300,19/12/2024,1,80,-0.7024345256052366,0.005778624423959657,-0.35304227755648965
Cite Ennasr 2,Location,App. 3 pièc,Appartement s2 à ennasr,1200,19/12/2024,2,125,-0.0613304241522667,-0.16956318083189978,0.1438226193523892
El Aouina,Vente,App. 5 pièc,Appartement s4 a l'aouin,420000,19/12/2024,4,200,1.548404509631658,0.3340355963075525,1.0017163169202108
Ain Zaghouan,Vente,App. 2 pièc,S plus 1 ain zaghouan su,205000,19/12/2024,1,64,-0.5610165276555285,0.43250728369806946,-0.4003669095530442
El Omrane,Location,App. 5 pièc,Rdc de villa à omran ric,2800,19/12/2024,4,225,1.2428717552628747,-0.5297680191767369,1.1153399328347633
Bab El Khadra,Location,App. 3 pièc,S2 neuf meublé au centre,1200,19/12/2024,2,70,-0.1738336355104914,-0.09747623471103764,0.2620201142065915
Cite Ennasr 2,Vente,App. 5 pièc,S4 spacieux et lumineux,700000,19/12/2024,4,220,1.8286909949606855,0.8655649947726247,0.8464201412849375
Ezzahra,Vente,App. 2 pièc,Residence la siesta,485000,19/12/2024,1,124,-0.1989095249750648,0.9116098122570602,-0.6416248996277375
La Mannouba,Location,App. 1 pièc,Appt s plus 1 résidence,700,19/12/2024,0,65,-1.2827716796112625,0.14040592016671263,-0.9140977471238945
Zone urbaine no,Vente,App. 3 pièc,Appartement moderne  sup,590000,19/12/2024,2,157,0.5074999977769843,0.9613488243738955,-0.1611297966387318
Mutuelle Ville,Location,App. 3 pièc,Appartement usage bureau,2000,19/12/2024,2,130,-0.05041892740718485,-0.17452298861753676,0.1327564917805601
Habib Thameur,Location,App. 3 pièc,Bureau s3 lafayette,800,19/12/2024,2,100,-0.11281021353499045,-0.13759316261691037,0.1977092037604774
Jardins de Cart,Location,App. 2 pièc,Studio meuble jardin de,850,19/12/2024,1,50,-0.7641846254116493,0.044202404442670276,-0.2883904100455426
Sahloul,Vente,App. 1 pièc,A  un appartement  s2 situ  r,1,19/12/2024,0,116,-1.1790481056397195,0.07216929589160416,-1.0234186734890747
El Mourouj,Location,App. 3 pièc,Bel appartement mrj 3,500,19/12/2024,2,121,-0.07011091645404356,-0.1657148509248369,0.1526995889673701
La Soukra,Location,App. 1 pièc,S1 meublé charges compri,600,19/12/2024,0,70,-1.272629606451852,0.13365336755937457,-0.9248028613329592
La Soukra,Location,App. 3 pièc,S2 meublé a soukra par s,600,19/12/2024,2,150,-0.010705549864733314,-0.2035251377376681,0.09033716090292802
La Soukra,Location,App. 1 pièc,S1 meublé a soukra charg,600,19/12/2024,0,70,-1.272629606451852,0.13365336755937457,-0.9248028613329592
Sahloul,Vente,App. 1 pièc,A  un appartement  s2 situ  r,1,19/12/2024,0,178,-1.0522263037449935,-0.009092352462822244,-1.1566594858701753
Cite Ennasr 2,Location,App. 4 pièc,Un appartement s 3 cité,1200,19/12/2024,3,120,0.47758352212092703,-0.27917220483607935,0.7480996717146802
Sfax,Location,App. 3 pièc,Appartement meublé tout,800,19/12/2024,2,125,-0.06167239019034285,-0.17035995630821135,0.14398306973584
Cite Ennasr 1,Location,App. 3 pièc,S2 à ennasr 2 900 d,900,19/12/2024,2,120,-0.07181446334975332,-0.16360740370087326,0.15468818394490477
Jardins d'el Me,Location,App. 2 pièc,S1 1000 d meuble aux jar,1000,19/12/2024,1,60,-0.7436012588095118,0.03139447776976674,-0.3099410325491916
Khaznadar,Vente,App. 3 pièc,App en rdc khaznadar,160000,19/12/2024,2,80,-0.01761798905639831,0.2057369119081432,0.17683085836676687
Habib Thameur,Vente,App. 4 pièc,App rue de marseille,160000,19/12/2024,3,100,0.5724337805614429,0.06336109421266266,0.7273817767044205
El Menzah 1,Vente,App. 1 pièc,Studio s0 a el manza,125000,19/12/2024,0,28,-1.2521897118291754,0.4364987540936647,-0.8844430254247688
El Aouina,Vente,App. 4 pièc,S3 400 md aouina,400000,19/12/2024,3,157,0.8942076406329332,0.46671809038345047,0.5086159610577641
Cite Ennasr 2,Vente,App. 4 pièc,S3 haut standing a ennas,410000,19/12/2024,3,132,0.8516189682401895,0.5194042709825412,0.5583308354961314
